-- Generated by scripts/seed_sample_telemetry.py --emit-sql
-- 스키마: sql/postgres_cobot_telemetry.sql 적용 후 실행.
-- 같은 시드 다시 넣으려면 아래 한 번 실행 후 이 파일 재실행:
-- DELETE FROM cobot_telemetry_raw WHERE event_id LIKE 'sample-seed-%';

BEGIN;

INSERT INTO cobot_telemetry_raw (
    event_id, robot_id, line_id, station_id, produced_at, payload, schema_version, received_at, source_ip, content_type, request_id, checksum_sha256
) VALUES (
    'sample-seed-01',
    'cobot-01',
    'line-a',
    'station-07',
    '2025-01-15T08:30:00Z'::timestamptz,
    $p01${"alarms":[],"cycle_time_ms":1825.4,"good_parts":1280,"joint_positions_deg":{"j1":10.5,"j2":-24.0,"j3":66.7,"j4":12.1,"j5":84.4,"j6":-9.3},"line_id":"line-a","pose":{"rx":179.8,"ry":-1.4,"rz":90.0,"x":412.5,"y":88.2,"z":265.0},"power_watts":438.7,"produced_at":"2025-01-15T08:30:00Z","program_name":"door-assembly-v2","reject_parts":9,"robot_id":"cobot-01","station_id":"station-07","status":"RUNNING","temperature_c":42.8,"vibration_mm_s":1.9}$p01$::jsonb,
    '1',
    '2026-04-15T12:00:00Z'::timestamptz,
    NULL,
    'application/json',
    'seed-script',
    '8c47f837d16c4d57431da21303b76b881903107e131a3895041ec720e235b46b'
);

INSERT INTO cobot_measurements (
    event_id, robot_id, line_id, station_id, produced_at,
    cycle_time_ms, power_watts, program_name, status,
    good_parts, reject_parts, temperature_c, vibration_mm_s
) VALUES (
    'sample-seed-01',
    'cobot-01',
    'line-a',
    'station-07',
    '2025-01-15T08:30:00Z'::timestamptz,
    1825.4,
    438.7,
    'door-assembly-v2',
    'RUNNING',
    1280,
    9,
    42.8,
    1.9
);

INSERT INTO cobot_telemetry_latest (robot_id, line_id, station_id, produced_at, payload, updated_at)
VALUES (
    'cobot-01',
    'line-a',
    'station-07',
    '2025-01-15T08:30:00Z'::timestamptz,
    $p01${"alarms":[],"cycle_time_ms":1825.4,"good_parts":1280,"joint_positions_deg":{"j1":10.5,"j2":-24.0,"j3":66.7,"j4":12.1,"j5":84.4,"j6":-9.3},"line_id":"line-a","pose":{"rx":179.8,"ry":-1.4,"rz":90.0,"x":412.5,"y":88.2,"z":265.0},"power_watts":438.7,"produced_at":"2025-01-15T08:30:00Z","program_name":"door-assembly-v2","reject_parts":9,"robot_id":"cobot-01","station_id":"station-07","status":"RUNNING","temperature_c":42.8,"vibration_mm_s":1.9}$p01$::jsonb,
    '2026-04-15T12:00:00Z'::timestamptz
)
ON CONFLICT (robot_id) DO UPDATE SET
    line_id = EXCLUDED.line_id,
    station_id = EXCLUDED.station_id,
    produced_at = EXCLUDED.produced_at,
    payload = EXCLUDED.payload,
    updated_at = EXCLUDED.updated_at;

INSERT INTO cobot_aas_sync_status (event_id, robot_id, sync_status, last_error, synced_at, retry_count, updated_at)
VALUES (
    'sample-seed-01',
    'cobot-01',
    'Pending',
    NULL,
    NULL,
    0,
    '2026-04-15T12:00:00Z'::timestamptz
);

INSERT INTO cobot_access_audit (
    event_time, actor_type, actor_id, action, target_resource, result, correlation_id, details
) VALUES (
    '2026-04-15T12:00:00Z'::timestamptz,
    'Service',
    'seed-script',
    'Ingest',
    'telemetry:cobot-01',
    'Success',
    'seed-script',
    '{"event_id": "sample-seed-01", "robot_id": "cobot-01"}'::jsonb
);

INSERT INTO cobot_telemetry_raw (
    event_id, robot_id, line_id, station_id, produced_at, payload, schema_version, received_at, source_ip, content_type, request_id, checksum_sha256
) VALUES (
    'sample-seed-02',
    'cobot-02',
    'line-a',
    'station-08',
    '2025-01-15T08:30:05Z'::timestamptz,
    $p02${"alarms":[],"cycle_time_ms":2105.2,"good_parts":1102,"joint_positions_deg":{"j1":8.0,"j2":-20.0,"j3":60.0,"j4":15.0,"j5":80.0,"j6":-5.0},"line_id":"line-a","pose":{"rx":178.0,"ry":-2.0,"rz":85.0,"x":398.1,"y":120.0,"z":250.3},"power_watts":502.1,"produced_at":"2025-01-15T08:30:05Z","program_name":"bolt-tightening-v1","reject_parts":4,"robot_id":"cobot-02","station_id":"station-08","status":"RUNNING","temperature_c":44.5,"vibration_mm_s":2.3}$p02$::jsonb,
    '1',
    '2026-04-15T12:00:00Z'::timestamptz,
    NULL,
    'application/json',
    'seed-script',
    '6362e3b2b42dab0daca4b8bbba4fa9eeb1288477076dd5f61896b147b6a3826b'
);

INSERT INTO cobot_measurements (
    event_id, robot_id, line_id, station_id, produced_at,
    cycle_time_ms, power_watts, program_name, status,
    good_parts, reject_parts, temperature_c, vibration_mm_s
) VALUES (
    'sample-seed-02',
    'cobot-02',
    'line-a',
    'station-08',
    '2025-01-15T08:30:05Z'::timestamptz,
    2105.2,
    502.1,
    'bolt-tightening-v1',
    'RUNNING',
    1102,
    4,
    44.5,
    2.3
);

INSERT INTO cobot_telemetry_latest (robot_id, line_id, station_id, produced_at, payload, updated_at)
VALUES (
    'cobot-02',
    'line-a',
    'station-08',
    '2025-01-15T08:30:05Z'::timestamptz,
    $p02${"alarms":[],"cycle_time_ms":2105.2,"good_parts":1102,"joint_positions_deg":{"j1":8.0,"j2":-20.0,"j3":60.0,"j4":15.0,"j5":80.0,"j6":-5.0},"line_id":"line-a","pose":{"rx":178.0,"ry":-2.0,"rz":85.0,"x":398.1,"y":120.0,"z":250.3},"power_watts":502.1,"produced_at":"2025-01-15T08:30:05Z","program_name":"bolt-tightening-v1","reject_parts":4,"robot_id":"cobot-02","station_id":"station-08","status":"RUNNING","temperature_c":44.5,"vibration_mm_s":2.3}$p02$::jsonb,
    '2026-04-15T12:00:00Z'::timestamptz
)
ON CONFLICT (robot_id) DO UPDATE SET
    line_id = EXCLUDED.line_id,
    station_id = EXCLUDED.station_id,
    produced_at = EXCLUDED.produced_at,
    payload = EXCLUDED.payload,
    updated_at = EXCLUDED.updated_at;

INSERT INTO cobot_aas_sync_status (event_id, robot_id, sync_status, last_error, synced_at, retry_count, updated_at)
VALUES (
    'sample-seed-02',
    'cobot-02',
    'Pending',
    NULL,
    NULL,
    0,
    '2026-04-15T12:00:00Z'::timestamptz
);

INSERT INTO cobot_access_audit (
    event_time, actor_type, actor_id, action, target_resource, result, correlation_id, details
) VALUES (
    '2026-04-15T12:00:00Z'::timestamptz,
    'Service',
    'seed-script',
    'Ingest',
    'telemetry:cobot-02',
    'Success',
    'seed-script',
    '{"event_id": "sample-seed-02", "robot_id": "cobot-02"}'::jsonb
);

INSERT INTO cobot_telemetry_raw (
    event_id, robot_id, line_id, station_id, produced_at, payload, schema_version, received_at, source_ip, content_type, request_id, checksum_sha256
) VALUES (
    'sample-seed-03',
    'cobot-03',
    'line-a',
    'station-09',
    '2025-01-15T08:29:50Z'::timestamptz,
    $p03${"alarms":["ALM-IDLE"],"cycle_time_ms":0.0,"good_parts":980,"joint_positions_deg":{"j1":0.0,"j2":0.0,"j3":0.0,"j4":0.0,"j5":0.0,"j6":0.0},"line_id":"line-a","pose":{"rx":0.0,"ry":0.0,"rz":0.0,"x":0.0,"y":0.0,"z":0.0},"power_watts":60.0,"produced_at":"2025-01-15T08:29:50Z","program_name":"IDLE","reject_parts":12,"robot_id":"cobot-03","station_id":"station-09","status":"IDLE","temperature_c":38.0,"vibration_mm_s":0.2}$p03$::jsonb,
    '1',
    '2026-04-15T12:00:00Z'::timestamptz,
    NULL,
    'application/json',
    'seed-script',
    '1939e67a8e4d0d7b80afe2d0d1bb6b9f1dccde216caa9bf91dabf921388a52c9'
);

INSERT INTO cobot_measurements (
    event_id, robot_id, line_id, station_id, produced_at,
    cycle_time_ms, power_watts, program_name, status,
    good_parts, reject_parts, temperature_c, vibration_mm_s
) VALUES (
    'sample-seed-03',
    'cobot-03',
    'line-a',
    'station-09',
    '2025-01-15T08:29:50Z'::timestamptz,
    0.0,
    60.0,
    'IDLE',
    'IDLE',
    980,
    12,
    38.0,
    0.2
);

INSERT INTO cobot_telemetry_latest (robot_id, line_id, station_id, produced_at, payload, updated_at)
VALUES (
    'cobot-03',
    'line-a',
    'station-09',
    '2025-01-15T08:29:50Z'::timestamptz,
    $p03${"alarms":["ALM-IDLE"],"cycle_time_ms":0.0,"good_parts":980,"joint_positions_deg":{"j1":0.0,"j2":0.0,"j3":0.0,"j4":0.0,"j5":0.0,"j6":0.0},"line_id":"line-a","pose":{"rx":0.0,"ry":0.0,"rz":0.0,"x":0.0,"y":0.0,"z":0.0},"power_watts":60.0,"produced_at":"2025-01-15T08:29:50Z","program_name":"IDLE","reject_parts":12,"robot_id":"cobot-03","station_id":"station-09","status":"IDLE","temperature_c":38.0,"vibration_mm_s":0.2}$p03$::jsonb,
    '2026-04-15T12:00:00Z'::timestamptz
)
ON CONFLICT (robot_id) DO UPDATE SET
    line_id = EXCLUDED.line_id,
    station_id = EXCLUDED.station_id,
    produced_at = EXCLUDED.produced_at,
    payload = EXCLUDED.payload,
    updated_at = EXCLUDED.updated_at;

INSERT INTO cobot_aas_sync_status (event_id, robot_id, sync_status, last_error, synced_at, retry_count, updated_at)
VALUES (
    'sample-seed-03',
    'cobot-03',
    'Pending',
    NULL,
    NULL,
    0,
    '2026-04-15T12:00:00Z'::timestamptz
);

INSERT INTO cobot_access_audit (
    event_time, actor_type, actor_id, action, target_resource, result, correlation_id, details
) VALUES (
    '2026-04-15T12:00:00Z'::timestamptz,
    'Service',
    'seed-script',
    'Ingest',
    'telemetry:cobot-03',
    'Success',
    'seed-script',
    '{"event_id": "sample-seed-03", "robot_id": "cobot-03"}'::jsonb
);

INSERT INTO cobot_telemetry_raw (
    event_id, robot_id, line_id, station_id, produced_at, payload, schema_version, received_at, source_ip, content_type, request_id, checksum_sha256
) VALUES (
    'sample-seed-04',
    'cobot-04',
    'line-b',
    'station-01',
    '2025-01-15T08:30:07Z'::timestamptz,
    $p04${"alarms":[],"cycle_time_ms":1675.0,"good_parts":1500,"joint_positions_deg":{"j1":12.0,"j2":-18.0,"j3":58.0,"j4":10.0,"j5":70.0,"j6":-8.0},"line_id":"line-b","pose":{"rx":180.0,"ry":0.0,"rz":88.0,"x":350.0,"y":95.0,"z":240.0},"power_watts":390.0,"produced_at":"2025-01-15T08:30:07Z","program_name":"pick-place-v3","reject_parts":3,"robot_id":"cobot-04","station_id":"station-01","status":"RUNNING","temperature_c":41.2,"vibration_mm_s":1.5}$p04$::jsonb,
    '1',
    '2026-04-15T12:00:00Z'::timestamptz,
    NULL,
    'application/json',
    'seed-script',
    'e66bb9368a352b38f835c3e8eaf1c225253768f83ce2217cfbb2dcfbe3c662b2'
);

INSERT INTO cobot_measurements (
    event_id, robot_id, line_id, station_id, produced_at,
    cycle_time_ms, power_watts, program_name, status,
    good_parts, reject_parts, temperature_c, vibration_mm_s
) VALUES (
    'sample-seed-04',
    'cobot-04',
    'line-b',
    'station-01',
    '2025-01-15T08:30:07Z'::timestamptz,
    1675.0,
    390.0,
    'pick-place-v3',
    'RUNNING',
    1500,
    3,
    41.2,
    1.5
);

INSERT INTO cobot_telemetry_latest (robot_id, line_id, station_id, produced_at, payload, updated_at)
VALUES (
    'cobot-04',
    'line-b',
    'station-01',
    '2025-01-15T08:30:07Z'::timestamptz,
    $p04${"alarms":[],"cycle_time_ms":1675.0,"good_parts":1500,"joint_positions_deg":{"j1":12.0,"j2":-18.0,"j3":58.0,"j4":10.0,"j5":70.0,"j6":-8.0},"line_id":"line-b","pose":{"rx":180.0,"ry":0.0,"rz":88.0,"x":350.0,"y":95.0,"z":240.0},"power_watts":390.0,"produced_at":"2025-01-15T08:30:07Z","program_name":"pick-place-v3","reject_parts":3,"robot_id":"cobot-04","station_id":"station-01","status":"RUNNING","temperature_c":41.2,"vibration_mm_s":1.5}$p04$::jsonb,
    '2026-04-15T12:00:00Z'::timestamptz
)
ON CONFLICT (robot_id) DO UPDATE SET
    line_id = EXCLUDED.line_id,
    station_id = EXCLUDED.station_id,
    produced_at = EXCLUDED.produced_at,
    payload = EXCLUDED.payload,
    updated_at = EXCLUDED.updated_at;

INSERT INTO cobot_aas_sync_status (event_id, robot_id, sync_status, last_error, synced_at, retry_count, updated_at)
VALUES (
    'sample-seed-04',
    'cobot-04',
    'Pending',
    NULL,
    NULL,
    0,
    '2026-04-15T12:00:00Z'::timestamptz
);

INSERT INTO cobot_access_audit (
    event_time, actor_type, actor_id, action, target_resource, result, correlation_id, details
) VALUES (
    '2026-04-15T12:00:00Z'::timestamptz,
    'Service',
    'seed-script',
    'Ingest',
    'telemetry:cobot-04',
    'Success',
    'seed-script',
    '{"event_id": "sample-seed-04", "robot_id": "cobot-04"}'::jsonb
);

INSERT INTO cobot_telemetry_raw (
    event_id, robot_id, line_id, station_id, produced_at, payload, schema_version, received_at, source_ip, content_type, request_id, checksum_sha256
) VALUES (
    'sample-seed-05',
    'cobot-05',
    'line-b',
    'station-02',
    '2025-01-15T08:30:10Z'::timestamptz,
    $p05${"alarms":["ALM-TEMP-HIGH"],"cycle_time_ms":1950.0,"good_parts":890,"joint_positions_deg":{"j1":14.0,"j2":-30.0,"j3":75.0,"j4":5.0,"j5":60.0,"j6":-12.0},"line_id":"line-b","pose":{"rx":178.5,"ry":-3.0,"rz":92.0,"x":420.0,"y":75.0,"z":270.0},"power_watts":470.5,"produced_at":"2025-01-15T08:30:10Z","program_name":"welding-v5","reject_parts":10,"robot_id":"cobot-05","station_id":"station-02","status":"WARNING","temperature_c":70.5,"vibration_mm_s":4.2}$p05$::jsonb,
    '1',
    '2026-04-15T12:00:00Z'::timestamptz,
    NULL,
    'application/json',
    'seed-script',
    'd7dcfc3e8580c8709b12740b95392a04709e3d893fb125830075ad83614ef064'
);

INSERT INTO cobot_measurements (
    event_id, robot_id, line_id, station_id, produced_at,
    cycle_time_ms, power_watts, program_name, status,
    good_parts, reject_parts, temperature_c, vibration_mm_s
) VALUES (
    'sample-seed-05',
    'cobot-05',
    'line-b',
    'station-02',
    '2025-01-15T08:30:10Z'::timestamptz,
    1950.0,
    470.5,
    'welding-v5',
    'WARNING',
    890,
    10,
    70.5,
    4.2
);

INSERT INTO cobot_telemetry_latest (robot_id, line_id, station_id, produced_at, payload, updated_at)
VALUES (
    'cobot-05',
    'line-b',
    'station-02',
    '2025-01-15T08:30:10Z'::timestamptz,
    $p05${"alarms":["ALM-TEMP-HIGH"],"cycle_time_ms":1950.0,"good_parts":890,"joint_positions_deg":{"j1":14.0,"j2":-30.0,"j3":75.0,"j4":5.0,"j5":60.0,"j6":-12.0},"line_id":"line-b","pose":{"rx":178.5,"ry":-3.0,"rz":92.0,"x":420.0,"y":75.0,"z":270.0},"power_watts":470.5,"produced_at":"2025-01-15T08:30:10Z","program_name":"welding-v5","reject_parts":10,"robot_id":"cobot-05","station_id":"station-02","status":"WARNING","temperature_c":70.5,"vibration_mm_s":4.2}$p05$::jsonb,
    '2026-04-15T12:00:00Z'::timestamptz
)
ON CONFLICT (robot_id) DO UPDATE SET
    line_id = EXCLUDED.line_id,
    station_id = EXCLUDED.station_id,
    produced_at = EXCLUDED.produced_at,
    payload = EXCLUDED.payload,
    updated_at = EXCLUDED.updated_at;

INSERT INTO cobot_aas_sync_status (event_id, robot_id, sync_status, last_error, synced_at, retry_count, updated_at)
VALUES (
    'sample-seed-05',
    'cobot-05',
    'Pending',
    NULL,
    NULL,
    0,
    '2026-04-15T12:00:00Z'::timestamptz
);

INSERT INTO cobot_access_audit (
    event_time, actor_type, actor_id, action, target_resource, result, correlation_id, details
) VALUES (
    '2026-04-15T12:00:00Z'::timestamptz,
    'Service',
    'seed-script',
    'Ingest',
    'telemetry:cobot-05',
    'Success',
    'seed-script',
    '{"event_id": "sample-seed-05", "robot_id": "cobot-05"}'::jsonb
);

INSERT INTO cobot_telemetry_raw (
    event_id, robot_id, line_id, station_id, produced_at, payload, schema_version, received_at, source_ip, content_type, request_id, checksum_sha256
) VALUES (
    'sample-seed-06',
    'cobot-06',
    'line-b',
    'station-03',
    '2025-01-15T08:30:12Z'::timestamptz,
    $p06${"alarms":[],"cycle_time_ms":1600.3,"good_parts":1320,"joint_positions_deg":{"j1":9.5,"j2":-22.0,"j3":62.0,"j4":11.0,"j5":75.0,"j6":-6.0},"line_id":"line-b","pose":{"rx":179.0,"ry":-1.0,"rz":87.0,"x":370.0,"y":110.0,"z":260.0},"power_watts":350.0,"produced_at":"2025-01-15T08:30:12Z","program_name":"inspection-v1","reject_parts":7,"robot_id":"cobot-06","station_id":"station-03","status":"RUNNING","temperature_c":43.3,"vibration_mm_s":2.1}$p06$::jsonb,
    '1',
    '2026-04-15T12:00:00Z'::timestamptz,
    NULL,
    'application/json',
    'seed-script',
    'e3d6316300f9637fff63db572004b70113aa3759ab6b3fff268e0f1793eae09b'
);

INSERT INTO cobot_measurements (
    event_id, robot_id, line_id, station_id, produced_at,
    cycle_time_ms, power_watts, program_name, status,
    good_parts, reject_parts, temperature_c, vibration_mm_s
) VALUES (
    'sample-seed-06',
    'cobot-06',
    'line-b',
    'station-03',
    '2025-01-15T08:30:12Z'::timestamptz,
    1600.3,
    350.0,
    'inspection-v1',
    'RUNNING',
    1320,
    7,
    43.3,
    2.1
);

INSERT INTO cobot_telemetry_latest (robot_id, line_id, station_id, produced_at, payload, updated_at)
VALUES (
    'cobot-06',
    'line-b',
    'station-03',
    '2025-01-15T08:30:12Z'::timestamptz,
    $p06${"alarms":[],"cycle_time_ms":1600.3,"good_parts":1320,"joint_positions_deg":{"j1":9.5,"j2":-22.0,"j3":62.0,"j4":11.0,"j5":75.0,"j6":-6.0},"line_id":"line-b","pose":{"rx":179.0,"ry":-1.0,"rz":87.0,"x":370.0,"y":110.0,"z":260.0},"power_watts":350.0,"produced_at":"2025-01-15T08:30:12Z","program_name":"inspection-v1","reject_parts":7,"robot_id":"cobot-06","station_id":"station-03","status":"RUNNING","temperature_c":43.3,"vibration_mm_s":2.1}$p06$::jsonb,
    '2026-04-15T12:00:00Z'::timestamptz
)
ON CONFLICT (robot_id) DO UPDATE SET
    line_id = EXCLUDED.line_id,
    station_id = EXCLUDED.station_id,
    produced_at = EXCLUDED.produced_at,
    payload = EXCLUDED.payload,
    updated_at = EXCLUDED.updated_at;

INSERT INTO cobot_aas_sync_status (event_id, robot_id, sync_status, last_error, synced_at, retry_count, updated_at)
VALUES (
    'sample-seed-06',
    'cobot-06',
    'Pending',
    NULL,
    NULL,
    0,
    '2026-04-15T12:00:00Z'::timestamptz
);

INSERT INTO cobot_access_audit (
    event_time, actor_type, actor_id, action, target_resource, result, correlation_id, details
) VALUES (
    '2026-04-15T12:00:00Z'::timestamptz,
    'Service',
    'seed-script',
    'Ingest',
    'telemetry:cobot-06',
    'Success',
    'seed-script',
    '{"event_id": "sample-seed-06", "robot_id": "cobot-06"}'::jsonb
);

INSERT INTO cobot_telemetry_raw (
    event_id, robot_id, line_id, station_id, produced_at, payload, schema_version, received_at, source_ip, content_type, request_id, checksum_sha256
) VALUES (
    'sample-seed-07',
    'cobot-07',
    'line-c',
    'station-04',
    '2025-01-15T08:30:14Z'::timestamptz,
    $p07${"alarms":[],"cycle_time_ms":1400.0,"good_parts":1450,"joint_positions_deg":{"j1":11.0,"j2":-15.0,"j3":55.0,"j4":8.0,"j5":65.0,"j6":-4.0},"line_id":"line-c","pose":{"rx":180.0,"ry":0.5,"rz":89.0,"x":360.0,"y":100.0,"z":230.0},"power_watts":300.2,"produced_at":"2025-01-15T08:30:14Z","program_name":"glue-v2","reject_parts":2,"robot_id":"cobot-07","station_id":"station-04","status":"RUNNING","temperature_c":40.0,"vibration_mm_s":1.2}$p07$::jsonb,
    '1',
    '2026-04-15T12:00:00Z'::timestamptz,
    NULL,
    'application/json',
    'seed-script',
    '8ceef5ea36d32f751e0dfa0dada8e346655574e69c19358432bd8bdabfb6fd44'
);

INSERT INTO cobot_measurements (
    event_id, robot_id, line_id, station_id, produced_at,
    cycle_time_ms, power_watts, program_name, status,
    good_parts, reject_parts, temperature_c, vibration_mm_s
) VALUES (
    'sample-seed-07',
    'cobot-07',
    'line-c',
    'station-04',
    '2025-01-15T08:30:14Z'::timestamptz,
    1400.0,
    300.2,
    'glue-v2',
    'RUNNING',
    1450,
    2,
    40.0,
    1.2
);

INSERT INTO cobot_telemetry_latest (robot_id, line_id, station_id, produced_at, payload, updated_at)
VALUES (
    'cobot-07',
    'line-c',
    'station-04',
    '2025-01-15T08:30:14Z'::timestamptz,
    $p07${"alarms":[],"cycle_time_ms":1400.0,"good_parts":1450,"joint_positions_deg":{"j1":11.0,"j2":-15.0,"j3":55.0,"j4":8.0,"j5":65.0,"j6":-4.0},"line_id":"line-c","pose":{"rx":180.0,"ry":0.5,"rz":89.0,"x":360.0,"y":100.0,"z":230.0},"power_watts":300.2,"produced_at":"2025-01-15T08:30:14Z","program_name":"glue-v2","reject_parts":2,"robot_id":"cobot-07","station_id":"station-04","status":"RUNNING","temperature_c":40.0,"vibration_mm_s":1.2}$p07$::jsonb,
    '2026-04-15T12:00:00Z'::timestamptz
)
ON CONFLICT (robot_id) DO UPDATE SET
    line_id = EXCLUDED.line_id,
    station_id = EXCLUDED.station_id,
    produced_at = EXCLUDED.produced_at,
    payload = EXCLUDED.payload,
    updated_at = EXCLUDED.updated_at;

INSERT INTO cobot_aas_sync_status (event_id, robot_id, sync_status, last_error, synced_at, retry_count, updated_at)
VALUES (
    'sample-seed-07',
    'cobot-07',
    'Pending',
    NULL,
    NULL,
    0,
    '2026-04-15T12:00:00Z'::timestamptz
);

INSERT INTO cobot_access_audit (
    event_time, actor_type, actor_id, action, target_resource, result, correlation_id, details
) VALUES (
    '2026-04-15T12:00:00Z'::timestamptz,
    'Service',
    'seed-script',
    'Ingest',
    'telemetry:cobot-07',
    'Success',
    'seed-script',
    '{"event_id": "sample-seed-07", "robot_id": "cobot-07"}'::jsonb
);

INSERT INTO cobot_telemetry_raw (
    event_id, robot_id, line_id, station_id, produced_at, payload, schema_version, received_at, source_ip, content_type, request_id, checksum_sha256
) VALUES (
    'sample-seed-08',
    'cobot-08',
    'line-c',
    'station-05',
    '2025-01-15T08:30:16Z'::timestamptz,
    $p08${"alarms":["ALM-OVERHEAT","ALM-VIB-HIGH"],"cycle_time_ms":0.0,"good_parts":760,"joint_positions_deg":{"j1":20.0,"j2":-40.0,"j3":90.0,"j4":0.0,"j5":50.0,"j6":-20.0},"line_id":"line-c","pose":{"rx":175.0,"ry":-5.0,"rz":95.0,"x":300.0,"y":80.0,"z":210.0},"power_watts":100.0,"produced_at":"2025-01-15T08:30:16Z","program_name":"ERROR","reject_parts":25,"robot_id":"cobot-08","station_id":"station-05","status":"FAULT","temperature_c":88.0,"vibration_mm_s":12.0}$p08$::jsonb,
    '1',
    '2026-04-15T12:00:00Z'::timestamptz,
    NULL,
    'application/json',
    'seed-script',
    'eedaa644b4a9b8e9ed51b5d7e3bf30095073e286f25793f91f5d79a6d74351ed'
);

INSERT INTO cobot_measurements (
    event_id, robot_id, line_id, station_id, produced_at,
    cycle_time_ms, power_watts, program_name, status,
    good_parts, reject_parts, temperature_c, vibration_mm_s
) VALUES (
    'sample-seed-08',
    'cobot-08',
    'line-c',
    'station-05',
    '2025-01-15T08:30:16Z'::timestamptz,
    0.0,
    100.0,
    'ERROR',
    'FAULT',
    760,
    25,
    88.0,
    12.0
);

INSERT INTO cobot_telemetry_latest (robot_id, line_id, station_id, produced_at, payload, updated_at)
VALUES (
    'cobot-08',
    'line-c',
    'station-05',
    '2025-01-15T08:30:16Z'::timestamptz,
    $p08${"alarms":["ALM-OVERHEAT","ALM-VIB-HIGH"],"cycle_time_ms":0.0,"good_parts":760,"joint_positions_deg":{"j1":20.0,"j2":-40.0,"j3":90.0,"j4":0.0,"j5":50.0,"j6":-20.0},"line_id":"line-c","pose":{"rx":175.0,"ry":-5.0,"rz":95.0,"x":300.0,"y":80.0,"z":210.0},"power_watts":100.0,"produced_at":"2025-01-15T08:30:16Z","program_name":"ERROR","reject_parts":25,"robot_id":"cobot-08","station_id":"station-05","status":"FAULT","temperature_c":88.0,"vibration_mm_s":12.0}$p08$::jsonb,
    '2026-04-15T12:00:00Z'::timestamptz
)
ON CONFLICT (robot_id) DO UPDATE SET
    line_id = EXCLUDED.line_id,
    station_id = EXCLUDED.station_id,
    produced_at = EXCLUDED.produced_at,
    payload = EXCLUDED.payload,
    updated_at = EXCLUDED.updated_at;

INSERT INTO cobot_aas_sync_status (event_id, robot_id, sync_status, last_error, synced_at, retry_count, updated_at)
VALUES (
    'sample-seed-08',
    'cobot-08',
    'Pending',
    NULL,
    NULL,
    0,
    '2026-04-15T12:00:00Z'::timestamptz
);

INSERT INTO cobot_access_audit (
    event_time, actor_type, actor_id, action, target_resource, result, correlation_id, details
) VALUES (
    '2026-04-15T12:00:00Z'::timestamptz,
    'Service',
    'seed-script',
    'Ingest',
    'telemetry:cobot-08',
    'Success',
    'seed-script',
    '{"event_id": "sample-seed-08", "robot_id": "cobot-08"}'::jsonb
);

INSERT INTO cobot_telemetry_raw (
    event_id, robot_id, line_id, station_id, produced_at, payload, schema_version, received_at, source_ip, content_type, request_id, checksum_sha256
) VALUES (
    'sample-seed-09',
    'cobot-09',
    'line-c',
    'station-06',
    '2025-01-15T08:30:18Z'::timestamptz,
    $p09${"alarms":[],"cycle_time_ms":1750.0,"good_parts":1390,"joint_positions_deg":{"j1":10.0,"j2":-23.0,"j3":64.0,"j4":12.5,"j5":78.0,"j6":-7.0},"line_id":"line-c","pose":{"rx":179.5,"ry":-0.8,"rz":91.0,"x":380.0,"y":90.0,"z":255.0},"power_watts":410.0,"produced_at":"2025-01-15T08:30:18Z","program_name":"assembly-v4","reject_parts":6,"robot_id":"cobot-09","station_id":"station-06","status":"RUNNING","temperature_c":45.0,"vibration_mm_s":2.0}$p09$::jsonb,
    '1',
    '2026-04-15T12:00:00Z'::timestamptz,
    NULL,
    'application/json',
    'seed-script',
    'fede3ec9eaf3f77d839d9291012bd12bc999d91febf853742018024436cca616'
);

INSERT INTO cobot_measurements (
    event_id, robot_id, line_id, station_id, produced_at,
    cycle_time_ms, power_watts, program_name, status,
    good_parts, reject_parts, temperature_c, vibration_mm_s
) VALUES (
    'sample-seed-09',
    'cobot-09',
    'line-c',
    'station-06',
    '2025-01-15T08:30:18Z'::timestamptz,
    1750.0,
    410.0,
    'assembly-v4',
    'RUNNING',
    1390,
    6,
    45.0,
    2.0
);

INSERT INTO cobot_telemetry_latest (robot_id, line_id, station_id, produced_at, payload, updated_at)
VALUES (
    'cobot-09',
    'line-c',
    'station-06',
    '2025-01-15T08:30:18Z'::timestamptz,
    $p09${"alarms":[],"cycle_time_ms":1750.0,"good_parts":1390,"joint_positions_deg":{"j1":10.0,"j2":-23.0,"j3":64.0,"j4":12.5,"j5":78.0,"j6":-7.0},"line_id":"line-c","pose":{"rx":179.5,"ry":-0.8,"rz":91.0,"x":380.0,"y":90.0,"z":255.0},"power_watts":410.0,"produced_at":"2025-01-15T08:30:18Z","program_name":"assembly-v4","reject_parts":6,"robot_id":"cobot-09","station_id":"station-06","status":"RUNNING","temperature_c":45.0,"vibration_mm_s":2.0}$p09$::jsonb,
    '2026-04-15T12:00:00Z'::timestamptz
)
ON CONFLICT (robot_id) DO UPDATE SET
    line_id = EXCLUDED.line_id,
    station_id = EXCLUDED.station_id,
    produced_at = EXCLUDED.produced_at,
    payload = EXCLUDED.payload,
    updated_at = EXCLUDED.updated_at;

INSERT INTO cobot_aas_sync_status (event_id, robot_id, sync_status, last_error, synced_at, retry_count, updated_at)
VALUES (
    'sample-seed-09',
    'cobot-09',
    'Pending',
    NULL,
    NULL,
    0,
    '2026-04-15T12:00:00Z'::timestamptz
);

INSERT INTO cobot_access_audit (
    event_time, actor_type, actor_id, action, target_resource, result, correlation_id, details
) VALUES (
    '2026-04-15T12:00:00Z'::timestamptz,
    'Service',
    'seed-script',
    'Ingest',
    'telemetry:cobot-09',
    'Success',
    'seed-script',
    '{"event_id": "sample-seed-09", "robot_id": "cobot-09"}'::jsonb
);

INSERT INTO cobot_telemetry_raw (
    event_id, robot_id, line_id, station_id, produced_at, payload, schema_version, received_at, source_ip, content_type, request_id, checksum_sha256
) VALUES (
    'sample-seed-10',
    'cobot-10',
    'line-c',
    'station-10',
    '2025-01-15T08:30:20Z'::timestamptz,
    $p10${"alarms":["ALM-TEMP-HIGH"],"cycle_time_ms":1550.5,"good_parts":1200,"joint_positions_deg":{"j1":9.0,"j2":-21.0,"j3":60.5,"j4":10.5,"j5":72.0,"j6":-6.5},"line_id":"line-c","pose":{"rx":178.2,"ry":-1.5,"rz":88.5,"x":365.0,"y":105.0,"z":245.0},"power_watts":360.5,"produced_at":"2025-01-15T08:30:20Z","program_name":"inspection-v2","reject_parts":8,"robot_id":"cobot-10","station_id":"station-10","status":"WARNING","temperature_c":65.2,"vibration_mm_s":3.5}$p10$::jsonb,
    '1',
    '2026-04-15T12:00:00Z'::timestamptz,
    NULL,
    'application/json',
    'seed-script',
    '4500a847c3de3991fb787daba878914ec8967a92f3cfe7c37059240056fded42'
);

INSERT INTO cobot_measurements (
    event_id, robot_id, line_id, station_id, produced_at,
    cycle_time_ms, power_watts, program_name, status,
    good_parts, reject_parts, temperature_c, vibration_mm_s
) VALUES (
    'sample-seed-10',
    'cobot-10',
    'line-c',
    'station-10',
    '2025-01-15T08:30:20Z'::timestamptz,
    1550.5,
    360.5,
    'inspection-v2',
    'WARNING',
    1200,
    8,
    65.2,
    3.5
);

INSERT INTO cobot_telemetry_latest (robot_id, line_id, station_id, produced_at, payload, updated_at)
VALUES (
    'cobot-10',
    'line-c',
    'station-10',
    '2025-01-15T08:30:20Z'::timestamptz,
    $p10${"alarms":["ALM-TEMP-HIGH"],"cycle_time_ms":1550.5,"good_parts":1200,"joint_positions_deg":{"j1":9.0,"j2":-21.0,"j3":60.5,"j4":10.5,"j5":72.0,"j6":-6.5},"line_id":"line-c","pose":{"rx":178.2,"ry":-1.5,"rz":88.5,"x":365.0,"y":105.0,"z":245.0},"power_watts":360.5,"produced_at":"2025-01-15T08:30:20Z","program_name":"inspection-v2","reject_parts":8,"robot_id":"cobot-10","station_id":"station-10","status":"WARNING","temperature_c":65.2,"vibration_mm_s":3.5}$p10$::jsonb,
    '2026-04-15T12:00:00Z'::timestamptz
)
ON CONFLICT (robot_id) DO UPDATE SET
    line_id = EXCLUDED.line_id,
    station_id = EXCLUDED.station_id,
    produced_at = EXCLUDED.produced_at,
    payload = EXCLUDED.payload,
    updated_at = EXCLUDED.updated_at;

INSERT INTO cobot_aas_sync_status (event_id, robot_id, sync_status, last_error, synced_at, retry_count, updated_at)
VALUES (
    'sample-seed-10',
    'cobot-10',
    'Pending',
    NULL,
    NULL,
    0,
    '2026-04-15T12:00:00Z'::timestamptz
);

INSERT INTO cobot_access_audit (
    event_time, actor_type, actor_id, action, target_resource, result, correlation_id, details
) VALUES (
    '2026-04-15T12:00:00Z'::timestamptz,
    'Service',
    'seed-script',
    'Ingest',
    'telemetry:cobot-10',
    'Success',
    'seed-script',
    '{"event_id": "sample-seed-10", "robot_id": "cobot-10"}'::jsonb
);

COMMIT;
